{"tlg0011.tlg001.perseus-grc2.tb-sophocles-trachiniae.xml": {"pos": 0.7612786216277488, "person": 0.920539560190433, "number": 0.9309680344593063, "tense": 0.9393561550668783, "mood": 0.940149625935162, "voice": 0.946270686919066, "gender": 0.8434595329857175, "case": 0.8884606665155294, "degree": 0.995805939696214}, "tlg0011.tlg002.perseus-grc2.tb-sophocles-antigone.xml": {"pos": 0.7596846074734316, "person": 0.9268655010855902, "number": 0.927436864358359, "tense": 0.9370357673408753, "mood": 0.94354930865044, "voice": 0.9469774882870529, "gender": 0.8508741858073363, "case": 0.8858416181007884, "degree": 0.9954290938178494}, "tlg0011.tlg003.perseus-grc1.tb-sophocles-ajax.xml": {"pos": 0.7530082330588981, "person": 0.9116529449018366, "number": 0.9254802617690522, "tense": 0.9352966012244036, "mood": 0.9365632256702554, "voice": 0.9430018999366688, "gender": 0.852227147983956, "case": 0.8797762296812328, "degree": 0.997994511294068}, "tlg0011.tlg004.perseus-grc1.tb-sophocles-oedipus_rex.xml": {"pos": 0.7572641931157801, "person": 0.9185516316495306, "number": 0.927313366115333, "tense": 0.9386678587393831, "mood": 0.9432275368797497, "voice": 0.9461779168529281, "gender": 0.867411712114439, "case": 0.8928922664282521, "degree": 0.9934734018775145}, "tlg0011.tlg005.perseus-grc2.tb-sophocles-electra.xml": {"pos": 0.757650872342454, "person": 0.9019925636380971, "number": 0.9251596911049671, "tense": 0.9352655162551244, "mood": 0.9356468681475831, "voice": 0.9447993135665935, "gender": 0.8394508532748594, "case": 0.8848317284774526, "degree": 0.9951377633711507}, "tlg0012.tlg001.perseus-grc1.tb-homer-iliad.xml": {"pos": 0.6771400914895942, "person": 0.9155907011600131, "number": 0.8914068476682644, "tense": 0.8957939766748373, "mood": 0.916449391890837, "voice": 0.9212658662628218, "gender": 0.8358261385458463, "case": 0.8539289004074878, "degree": 0.9973302524550749}, "tlg0012.tlg002.perseus-grc1.tb-homer-odyssey.xml": {"pos": 0.6813607452248241, "person": 0.9156153764977887, "number": 0.8957567850187553, "tense": 0.902414689601581, "mood": 0.922043036541727, "voice": 0.924172798526435, "gender": 0.8494200715676775, "case": 0.8534397574757524, "degree": 0.998349914137974}, "tlg0013.tlg002.perseus-grc1.tb-pseudohomer-hymn2_to_demeter.xml": {"pos": 0.7448310640443772, "person": 0.9253656076651539, "number": 0.8890569843671206, "tense": 0.8966212808875441, "mood": 0.9225920322743318, "voice": 0.9172970247100353, "gender": 0.815935451336359, "case": 0.8517397881996974, "degree": 0.9987392839132627}, "tlg0016.tlg001.perseus-grc1.1.tb-herotodus-history.xml": {"pos": 0.8772415050756793, "person": 0.9694547443924382, "number": 0.9457783721354325, "tense": 0.9589994529207951, "mood": 0.9688164853200414, "voice": 0.9677223269102182, "gender": 0.9009786639110084, "case": 0.9192146374080603, "degree": 0.9984803355419124}, "tlg0020.tlg001.perseus-grc1.tb-hesiod-theogony.xml": {"pos": 0.6920034606352737, "person": 0.9490792238289457, "number": 0.9128661475713756, "tense": 0.9121245828698554, "mood": 0.935607465084662, "voice": 0.9361018415523421, "gender": 0.835496230379434, "case": 0.868125077246323, "degree": 0.9977753058954394}, "tlg0020.tlg002.perseus-grc1.tb-hesiod-works_and_days.xml": {"pos": 0.6925515055467512, "person": 0.9394899870335687, "number": 0.907938337415358, "tense": 0.9249387696297363, "mood": 0.9392018441146809, "voice": 0.9403544157902319, "gender": 0.8356144647745282, "case": 0.8650050425010806, "degree": 0.9963982135139029}, "tlg0020.tlg003.perseus-grc1.tb-hesiod-shield_of_heracles.xml": {"pos": 0.6726656233698487, "person": 0.9334898278560251, "number": 0.8914971309337506, "tense": 0.8917579551382369, "mood": 0.9222743870631195, "voice": 0.9241001564945227, "gender": 0.8176838810641628, "case": 0.860980699008868, "degree": 0.9976525821596244}, "tlg0059.tlg001.perseus-grc1.tb-plato-euthyphro.xml": {"pos": 0.798425455141873, "person": 0.9414466130884042, "number": 0.9660488764966377, "tense": 0.9719534197146138, "mood": 0.9681810726586846, "voice": 0.9735935706084959, "gender": 0.9253731343283582, "case": 0.8953583729703133, "degree": 0.9980318189273413}, "tlg0060.tlg001.perseus-grc3.11.tb-diodorus_siculus-library.xml": {"pos": 0.9404232060591864, "person": 0.9934410869055985, "number": 0.9798938080737097, "tense": 0.9827438119778247, "mood": 0.9895369719684548, "voice": 0.9876629967986258, "gender": 0.9437026626063871, "case": 0.9670883110798781, "degree": 0.9983212305770282}, "tlg0085.tlg001.perseus-grc2.tb-aeschylus-suppliant_women.xml": {"pos": 0.7315674034081323, "person": 0.9384174118441032, "number": 0.90129913953096, "tense": 0.9320060738991058, "mood": 0.9368989370676565, "voice": 0.9422979584950227, "gender": 0.8179517462459929, "case": 0.8476463640965075, "degree": 0.9978066475451325}, "tlg0085.tlg002.perseus-grc2.tb-aeschylus-persians.xml": {"pos": 0.7494002878618263, "person": 0.9437070206300976, "number": 0.9037262114185192, "tense": 0.928674236366544, "mood": 0.9456260994722533, "voice": 0.9459459459459459, "gender": 0.835918758995682, "case": 0.8645450183911723, "degree": 0.9972813049736127}, "tlg0085.tlg003.perseus-grc2.tb-aeschylus-prometheus_bound.xml": {"pos": 0.7489373760272032, "person": 0.9056389912156418, "number": 0.9249079059223576, "tense": 0.927599886653443, "mood": 0.9250495891187305, "voice": 0.9355341456503259, "gender": 0.8369226409747804, "case": 0.8751771039954661, "degree": 0.9973080192689147}, "tlg0085.tlg004.perseus-grc2.tb-aeschylus-seven_against_thebes.xml": {"pos": 0.7432388924661945, "person": 0.9443013522215068, "number": 0.9150032195750161, "tense": 0.930296200901481, "mood": 0.9397939471989697, "voice": 0.9414037347070187, "gender": 0.8367675466838377, "case": 0.8639729555698648, "degree": 0.9980682549903412}, "tlg0085.tlg005.perseus-grc1.tb-aeschylus-agamemnon.xml": {"pos": 0.7475015296757087, "person": 0.9430960636345095, "number": 0.9191311441974301, "tense": 0.9359575769936773, "mood": 0.9460534366714256, "voice": 0.9468692637160921, "gender": 0.8287782990006118, "case": 0.8702834998980217, "degree": 0.9970426269630839}, "tlg0085.tlg006.perseus-grc2.tb-aeschylus-libation_bearers.xml": {"pos": 0.7506138197123816, "person": 0.9280954051210102, "number": 0.9251139950894423, "tense": 0.9344089793055068, "mood": 0.9405471764293231, "voice": 0.9391441599438793, "gender": 0.8358470712030867, "case": 0.8788144510698, "degree": 0.9971939670291126}, "tlg0085.tlg007.perseus-grc1.tb-aeschylus-eumenides.xml": {"pos": 0.7583072100313479, "person": 0.929153605015674, "number": 0.9224137931034483, "tense": 0.9335423197492163, "mood": 0.9373040752351097, "voice": 0.9423197492163009, "gender": 0.8274294670846395, "case": 0.8764890282131661, "degree": 0.9984326018808778}, "tlg0096.tlg002.opp-grc2.1-53.tb-aesop-fables.xml": {"pos": 0.8901667625071881, "person": 0.9766149127851256, "number": 0.942879049262028, "tense": 0.9614721104082806, "mood": 0.9768065938278704, "voice": 0.9677975848188615, "gender": 0.8794326241134752, "case": 0.87962430515622, "degree": 0.9967414222733372}, "tlg0540.tlg001.perseus-grc1.tb-lysias-murder_of_eratosthenes.xml": {"pos": 0.9196587273373622, "person": 0.9587628865979382, "number": 0.9626733025239957, "tense": 0.9701386420191966, "mood": 0.9715606114468539, "voice": 0.9744045503021685, "gender": 0.9338784216139353, "case": 0.9448986846782794, "degree": 0.997867045858514}, "tlg0540.tlg014.perseus-grc1.tb-lysias-against_alcibiades1.xml": {"pos": 0.9239365537130497, "person": 0.9722422494592646, "number": 0.9726027397260274, "tense": 0.9700793078586878, "mood": 0.9816149963950973, "voice": 0.9758471521268925, "gender": 0.9289834174477289, "case": 0.958904109589041, "degree": 0.9989185291997116}, "tlg0540.tlg015.perseus-grc1.tb-lysias-against_alcibiades2.xml": {"pos": 0.9472140762463344, "person": 0.9736070381231672, "number": 0.9721407624633431, "tense": 0.966275659824047, "mood": 0.9809384164222874, "voice": 0.9604105571847508, "gender": 0.9340175953079178, "case": 0.9325513196480938,