{"tlg0011.tlg001.perseus-grc2.tb.xml": {"POS": 0.7602584447970981, "Person": 0.920539560190433, "Number": 0.9309680344593063, "Tense": 0.9393561550668783, "Mood": 0.940149625935162, "Voice": 0.946270686919066, "Gender": 0.8434595329857175, "Case": 0.8884606665155294, "Degree": 0.995805939696214}, "tlg0011.tlg002.perseus-grc2.tb.xml": {"POS": 0.7620212826495192, "Person": 0.9236897513230524, "Number": 0.9292095828828316, "Tense": 0.938200648722472, "Mood": 0.9418425994423263, "Voice": 0.9466226597621351, "Gender": 0.8471518807261139, "Case": 0.8871564331645138, "Degree": 0.9956182780401752}, "tlg0011.tlg003.perseus-grc1.tb.xml": {"POS": 0.7596036529005066, "Person": 0.9194735090767923, "Number": 0.9279032794764669, "Tense": 0.9371834214515473, "Mood": 0.9399933449181055, "Voice": 0.945354383110881, "Gender": 0.8489296409953044, "Case": 0.884571301807964, "Degree": 0.9964506229896106}, "tlg0011.tlg004.perseus-grc1.tb.xml": {"POS": 0.7597039129525005, "Person": 0.9192038083281021, "Number": 0.9277306967984934, "Tense": 0.937617702448211, "Mood": 0.9409395270977192, "Voice": 0.9455953128269512, "Gender": 0.8543366813140825, "Case": 0.8870056497175142, "Degree": 0.9955796191671897}, "tlg0011.tlg005.perseus-grc2.tb.xml": {"POS": 0.7597955706984668, "Person": 0.9154984503602143, "Number": 0.9271771925863591, "Tense": 0.9371113072391781, "Mood": 0.9398000862051271, "Voice": 0.9454239445003182, "Gender": 0.8511319554196343, "Case": 0.8865376326430081, "Degree": 0.9954844933396276}, "tlg0012.tlg001.perseus-grc1.tb.xml": {"POS": 0.6965609677474084, "Person": 0.9155652827969212, "Number": 0.9012628447656696, "Tense": 0.9071783648054834, "Mood": 0.9228833353127138, "Voice": 0.9279222725550409, "Gender": 0.8400434332637723, "Case": 0.862913761218846, "Degree": 0.9968216804374996}, "tlg0012.tlg002.perseus-grc1.tb.xml": {"POS": 0.6890770653952892, "Person": 0.9155838610972746, "Number": 0.8992208069451363, "Tense": 0.9054116558741906, "Mood": 0.9225716928769657, "Voice": 0.9265317014160678, "Gender": 0.8435209563794208, "Case": 0.8594001280865295, "Degree": 0.9973884579805024}, "tlg0013.tlg002.perseus-grc1.tb.xml": {"POS": 0.6899440752773431, "Person": 0.9157199694062997, "Number": 0.8990793822317964, "Tense": 0.905289342024938, "Mood": 0.9225719758899188, "Voice": 0.9264032053216198, "Gender": 0.8431371173156134, "Case": 0.8592935381333633, "Degree": 0.9974072540750668}, "tlg0016.tlg001.perseus-grc1.1.tb.xml": {"POS": 0.709544299338215, "Person": 0.9212809189502026, "Number": 0.9039122065373292, "Tense": 0.910847739110742, "Mood": 0.9273577665383357, "Voice": 0.9306792732945824, "Gender": 0.849123071890491, "Case": 0.865494703203241, "Degree": 0.9975183060315543}, "tlg0020.tlg001.perseus-grc1.tb.xml": {"POS": 0.7090629687226818, "Person": 0.9219708053825084, "Number": 0.9041344216134642, "Tense": 0.9108794272726436, "Mood": 0.927562504025839, "Voice": 0.9308138482726467, "Gender": 0.848784886770403, "Case": 0.8655599827003948, "Degree": 0.9975246841441756}, "tlg0020.tlg002.perseus-grc1.tb.xml": {"POS": 0.7086797212878424, "Person": 0.9223360163382989, "Number": 0.9042137193656896, "Tense": 0.9111725132148005, "Mood": 0.9278051417587698, "Voice": 0.9310127342623739, "Gender": 0.8485103315713599, "Case": 0.8655484142239308, "Degree": 0.997501201345507}, "tlg0020.tlg003.perseus-grc1.tb.xml": {"POS": 0.7082934969150282, "Person": 0.9224629892456516, "Number": 0.9040689560977927, "Tense": 0.9109515015113095, "Mood": 0.9277421806801784, "Voice": 0.9309340427679828, "Gender": 0.8481594090156, "Case": 0.8654964162069395, "Degree": 0.9975029246364246}, "tlg0059.tlg001.perseus-grc1.tb.xml": {"POS": 0.7099836391156373, "Person": 0.9228005401133305, "Number": 0.9051710310273527, "Tense": 0.9120361864265903, "Mood": 0.9284612311200936, "Voice": 0.9316925786911876, "Gender": 0.8495323586795804, "Case": 0.8660273964612661, "Degree": 0.9975123289908455}, "tlg0060.tlg001.perseus-grc3.11.tb.xml": {"POS": 0.7259168803679733, "Person": 0.9277106145099795, "Number": 0.9103648525800193, "Tense": 0.916950923325328, "Mood": 0.9327064761672161, "Voice": 0.935582963596152, "Gender": 0.8560779365273199, "Case": 0.873051926025427, "Degree": 0.9975685540223335}, "tlg0085.tlg001.perseus-grc2.tb.xml": {"POS": 0.7259742757029314, "Person": 0.9278800957183146, "Number": 0.9102213486026836, "Tense": 0.9171892359627383, "Mood": 0.9327728399282113, "Voice": 0.9356892573284334, "Gender": 0.855474425262798, "Case": 0.8726497735236305, "Degree": 0.9975723228783865}, "tlg0085.tlg002.perseus-grc2.tb.xml": {"POS": 0.7262697505811891, "Person": 0.9281400633069335, "Number": 0.9101146617282004, "Tense": 0.9173778846027556, "Mood": 0.9329839631191142, "Voice": 0.935857730144345, "Gender": 0.8551532106597318, "Case": 0.8725166476220497, "Degree": 0.9975675427190459}, "tlg0085.tlg003.perseus-grc2.tb.xml": {"POS": 0.7266075725416061, "Person": 0.9277304812723892, "Number": 0.9103839398777025, "Tense": 0.917563953443389, "Mood": 0.9328395354655016, "Voice": 0.9358518400074276, "Gender": 0.8548213636351913, "Case": 0.8725650753205086, "Degree": 0.9975628186711301}, "tlg0085.tlg004.perseus-grc2.tb.xml": {"POS": 0.7267378253861482, "Person": 0.9279917757104238, "Number": 0.9104567780584076, "Tense": 0.9177647193207346, "Mood": 0.932949194704979, "Voice": 0.93593938393979, "Gender": 0.854536685662068, "Case": 0.8724295922123085, "Degree": 0.9975707885418386}, "tlg0085.tlg005.perseus-grc1.tb.xml": {"POS": 0.7272074321194965, "Person": 0.9283586081865262, "Number": 0.9106674493078827, "Tense": 0.9182065627933357, "Mood": 0.9332674527752804, "Voice": 0.9362048340478649, "Gender": 0.8539111008740319, "Case": 0.8723774708305161, "Degree": 0.9975579612691666}, "tlg0085.tlg006.perseus-grc2.tb.xml": {"POS": 0.7274430168293594, "Person": 0.9283549429374571, "Number": 0.9108686254924132, "Tense": 0.9184321904543268, "Mood": 0.9333688269758196, "Voice": 0.9362457657956885, "Gender": 0.853659549214459, "Case": 0.8724671093603085, "Degree": 0.9975528924469366}, "tlg0085.tlg007.perseus-grc1.tb.xml": {"POS": 0.7278564265840713, "Person": 0.9283671962735937, "Number": 0.9110457552489761, "Tense": 0.9186640150249012, "Mood": 0.9334292028481903, "Voice": 0.9363389548459394, "Gender": 0.8532571186721912, "Case": 0.8725288149614158, "Degree": 0.9975663892382461}, "tlg0096.tlg002.opp-grc2.1-53.tb.xml": {"POS": 0.7298461026932028, "Person": 0.9289649931126205, "Number": 0.9114401747969411, "Tense": 0.9191944140977533, "Mood": 0.9339666555835273, "Voice": 0.9367287322471857, "Gender": 0.8535814373248468, "Case": 0.8726167292072389, "Degree": 0.9975561677670641}, "tlg0540.tlg001.perseus-grc1.tb.xml": {"POS": 0.7310751097616504, "Person": 0.9291627445013011, "Number": 0.91178017944054, "Tense": 0.9195325014803962, "Mood": 0.9342161449302031, "Voice": 0.9369787648658915, "Gender": 0.8541143219785171, "Case": 0.8730964227492669, "Degree": 0.9975582308851944}, "tlg0540.tlg014.perseus-grc1.tb.xml": {"POS": 0.7322376578295405, "Person": 0.9294428415059757, "Number": 0.9121756393458761, "Tense": 0.9198611498498759, "Mood": 0.9345243257306391, "Voice": 0.9372314817636126, "Gender": 0.854601110519938, "Case": 0.8736543325043888, "Degree": 0.9975670753573798}, "tlg0540.tlg015.perseus-grc1.tb.xml": {"POS": 0.7325784114815517, "Person": 0.9295133257981555, "Number": 0.912271341285052, "Tense": 0.9199352255522092, "Mood": 0.9345984007638143, "Voice": 0.9372684746413185, "Gender": 0.8547278560547026, "Case": 0.8737483297412533, "Degree": 0.997568618090511}, "tlg0540.tlg023.perseus-grc1.tb.xml": {"POS": 0.7329245053898032, "Person": 0.9295986137836979, "Number": 0.9123806677004129, "Tense": 0.9200123302258674, "Mood": 0.9346871672240178, "Voice": 0.9373423692715825, "Gender": 0.8548653016234797, "Case": 0.8739211052366096, "Degree": 0.9975713191473462}, "tlg0543.tlg001.perseus-grc1.tb.xml": {"POS": 0.7447533447564123, "Person": 0.9333809538417042, "Number": 0.9159461508459944, "Tense": 0.9235909953416626, "Mood": 0.937769782596311,